{"cameraMode":{"drawMode":0,"name":"Shaded","section":"Shading Mode"},"sceneLighting":true,"audioPlay":false,"sceneViewState":{"showFog":true,"showMaterialUpdate":false,"showSkybox":true,"showFlares":true,"showImageEffects":true,"showParticleSystems":true},"in2DMode":false,"pivot":{"x":-3.156280517578125,"y":-0.359375,"z":-4.658935546875},"rotation":{"x":0.7783677577972412,"y":-0.029133455827832223,"z":0.036220308393239978,"w":0.6260942220687866},"size":13.21902847290039,"orthographic":true}